{"app":["/app.67485725e23d6611ad86.css","/app-71d59369fbcdc3eb0aff.js"],"component---src-templates-single-index-js":["/component---src-templates-single-index-js-e87f30656a7fcf2bd884.js"],"component---src-templates-single-team-js":["/component---src-templates-single-team-js-b04ad2fffc12c1c1533c.js"],"component---src-templates-single-test-js":["/component---src-templates-single-test-js-f73bca4d95966b08c9c6.js"],"component---src-templates-team-archive-js":["/component---src-templates-team-archive-js-96e9e124e61dffbb7d7f.js"],"component---src-pages-404-js":["/component---src-pages-404-js-d1f56d63df272fea0caf.js"]}