{"errors":[],"warnings":[],"namedChunkGroups":{"app":{"chunks":[7,0],"assets":["webpack-runtime-fedfa1ef398c31fca92a.js","webpack-runtime-fedfa1ef398c31fca92a.js.map","app.67485725e23d6611ad86.css","app-71d59369fbcdc3eb0aff.js","app-71d59369fbcdc3eb0aff.js.map"],"children":{},"childAssets":{}},"component---src-templates-single-index-js":{"chunks":[1],"assets":["component---src-templates-single-index-js-e87f30656a7fcf2bd884.js","component---src-templates-single-index-js-e87f30656a7fcf2bd884.js.map"],"children":{},"childAssets":{}},"component---src-templates-single-team-js":{"chunks":[2],"assets":["component---src-templates-single-team-js-b04ad2fffc12c1c1533c.js","component---src-templates-single-team-js-b04ad2fffc12c1c1533c.js.map"],"children":{},"childAssets":{}},"component---src-templates-single-test-js":{"chunks":[3],"assets":["component---src-templates-single-test-js-f73bca4d95966b08c9c6.js","component---src-templates-single-test-js-f73bca4d95966b08c9c6.js.map"],"children":{},"childAssets":{}},"component---src-templates-team-archive-js":{"chunks":[4],"assets":["component---src-templates-team-archive-js-96e9e124e61dffbb7d7f.js","component---src-templates-team-archive-js-96e9e124e61dffbb7d7f.js.map"],"children":{},"childAssets":{}},"component---src-pages-404-js":{"chunks":[5],"assets":["component---src-pages-404-js-d1f56d63df272fea0caf.js","component---src-pages-404-js-d1f56d63df272fea0caf.js.map"],"children":{},"childAssets":{}}},"assetsByChunkName":{"app":["webpack-runtime-fedfa1ef398c31fca92a.js","app.67485725e23d6611ad86.css","app-71d59369fbcdc3eb0aff.js"],"component---src-templates-single-index-js":["component---src-templates-single-index-js-e87f30656a7fcf2bd884.js"],"component---src-templates-single-team-js":["component---src-templates-single-team-js-b04ad2fffc12c1c1533c.js"],"component---src-templates-single-test-js":["component---src-templates-single-test-js-f73bca4d95966b08c9c6.js"],"component---src-templates-team-archive-js":["component---src-templates-team-archive-js-96e9e124e61dffbb7d7f.js"],"component---src-pages-404-js":["component---src-pages-404-js-d1f56d63df272fea0caf.js"]}}